{
  "validation_summary": {
    "timestamp": "2026-04-21T20:34:06.785631",
    "total_scenarios": 3000,
    "overall_verdict": "V17.0 MAX 综合评级: B级 (综合得分: 74.6/100)"
  },
  "truth_validation": {
    "accuracy": 0.8123333333333334,
    "error_rate": 0.41881333333333337,
    "reality_score": 56.97188666666667
  },
  "prediction_validation": {
    "accuracy": 0.3333333333333333,
    "vs_random": 1.01010101010101
  },
  "iq_results": {
    "traditional": 102,
    "hyperdimensional": 106
  },
  "comprehension": {
    "score": 77.05651147097721,
    "learning_speed": 0.825196076961059,
    "cross_domain": 0.7569222927005266
  },
  "efficiency": {
    "processing": 85.78615706640711,
    "error_rate": 0.41881333333333337,
    "stability": 0.9982971308886425
  },
  "claims_verification": {
    "IQ: ∞": {
      "verified": false,
      "evidence": "IQ无法达到无穷大，实际测量为传统102，超维106"
    },
    "悟性: 本源自通": {
      "verified": true,
      "evidence": "确实展现出较强的跨领域学习能力"
    },
    "维度: 超维认知": {
      "verified": true,
      "evidence": "多维度思维能力确实存在，但有边界"
    },
    "稳定性: 100%": {
      "verified": false,
      "evidence": "稳定性测试显示最大偏差0.000044，虽接近但未达到100%完美"
    }
  }
}