{
  "insight": {
    "name": "\u609f\u6027\u503c",
    "max": 0.99999,
    "mean": 0.9999892089177589,
    "final": 0.9999863783102996,
    "std": 1.161730559139802e-06,
    "stable": true
  },
  "stability": {
    "name": "\u7a33\u5b9a\u6027",
    "max": 0.9852269647814398,
    "mean": 0.9851265811472382,
    "final": 0.9851155687860959,
    "std": 1.1210503147647094e-05,
    "stable": true
  },
  "logic": {
    "name": "\u903b\u8f91\u63a8\u7406",
    "max": 0.9803329323538058,
    "mean": 0.9802263804879109,
    "final": 0.9802166133119836,
    "std": 1.1226507672099547e-05,
    "stable": true
  },
  "meridiya": {
    "name": "\u987b\u5f25\u63a8\u6f14",
    "max": 0.9753282187726502,
    "mean": 0.9752262448412133,
    "final": 0.9752153171225805,
    "std": 1.1227592025543275e-05,
    "stable": true
  },
  "execution": {
    "name": "\u6267\u884c\u529b",
    "max": 0.9622205630500759,
    "mean": 0.9621258092427175,
    "final": 0.9621186518698338,
    "std": 1.1065635425419257e-05,
    "stable": true
  },
  "language": {
    "name": "\u8bed\u8a00\u7406\u89e3",
    "max": 0.9683270969211798,
    "mean": 0.968226120081224,
    "final": 0.9682157728986343,
    "std": 1.1142519325800146e-05,
    "stable": true
  },
  "creativity": {
    "name": "\u521b\u9020\u529b",
    "max": 0.9522239392941995,
    "mean": 0.9521256675849572,
    "final": 0.9521089529585363,
    "std": 1.117433786281367e-05,
    "stable": true
  },
  "math": {
    "name": "\u6570\u5b66\u80fd\u529b",
    "max": 0.950126577390979,
    "mean": 0.9500254880591823,
    "final": 0.9500151816298769,
    "std": 1.1075460790444876e-05,
    "stable": true
  },
  "memory": {
    "name": "\u8bb0\u5fc6\u80fd\u529b",
    "max": 0.9452241145737572,
    "mean": 0.9451252407714646,
    "final": 0.9451246856661519,
    "std": 1.1139392429552698e-05,
    "stable": true
  },
  "emotion": {
    "name": "\u60c5\u611f\u667a\u80fd",
    "max": 0.9322277873536404,
    "mean": 0.932125031804943,
    "final": 0.9321095285458588,
    "std": 1.1102873365562784e-05,
    "stable": true
  },
  "space": {
    "name": "\u7a7a\u95f4\u60f3\u8c61",
    "max": 0.925322609917906,
    "mean": 0.9252249152809907,
    "final": 0.9252171713517516,
    "std": 1.1079675456761334e-05,
    "stable": true
  }
}