{
  "abilities": {
    "math": {
      "max": 0.9876001456519877,
      "mean": 0.9604534670163066,
      "final": 0.9488187539317108,
      "stability": true
    },
    "logic": {
      "max": 0.9999,
      "mean": 0.9899945315506209,
      "final": 0.9797321037331334,
      "stability": true
    },
    "language": {
      "max": 0.9971781396122579,
      "mean": 0.9705942558647648,
      "final": 0.9655531652636522,
      "stability": true
    },
    "space": {
      "max": 0.9573317528719588,
      "mean": 0.9301691203637689,
      "final": 0.9232237854200197,
      "stability": true
    },
    "memory": {
      "max": 0.9756694744423515,
      "mean": 0.9503437112116997,
      "final": 0.9451199491149157,
      "stability": true
    },
    "insight": {
      "max": 0.9999,
      "mean": 0.9998395241049745,
      "final": 0.9970958686778932,
      "stability": true
    },
    "meridiya": {
      "max": 0.9999,
      "mean": 0.9806592621468854,
      "final": 0.9729064859646238,
      "stability": true
    },
    "emotion": {
      "max": 0.9679393012740785,
      "mean": 0.9402463758200067,
      "final": 0.9292402634766724,
      "stability": true
    },
    "creativity": {
      "max": 0.9874390248461499,
      "mean": 0.9604634759783367,
      "final": 0.9499769773938537,
      "stability": true
    },
    "stability": {
      "max": 0.9999,
      "mean": 0.9899996590439729,
      "final": 0.9849475616487796,
      "stability": true
    },
    "execution": {
      "max": 0.9954514632146418,
      "mean": 0.9705756349145251,
      "final": 0.9608533002146756,
      "stability": true
    }
  },
  "layer_scores": {
    "3": {
      "mean": 0.7800918339937623,
      "std": 0.019893474297429384
    },
    "4": {
      "mean": 0.8347249854664351,
      "std": 0.019989942502044104
    },
    "5": {
      "mean": 0.8901900203877489,
      "std": 0.020065349761359062
    },
    "6": {
      "mean": 0.9446424631770398,
      "std": 0.01972519813144513
    },
    "7": {
      "mean": 0.9919150861191449,
      "std": 0.011983297650955575
    },
    "8": {
      "mean": 0.9447571470192319,
      "std": 0.01997379126702353
    },
    "9": {
      "mean": 0.8901099101903405,
      "std": 0.020345210131183435
    },
    "10": {
      "mean": 0.8350537835010171,
      "std": 0.020022347072581374
    },
    "11": {
      "mean": 0.7795247272241103,
      "std": 0.019928569191469726
    }
  },
  "optimal_layers": 7
}