{
  "insight": {
    "name": "\u609f\u6027\u503c",
    "max": 0.99999,
    "min": 0.9999477419231749,
    "mean": 0.9999860239880428,
    "final": 0.9999854182990251,
    "std": 5.852559414095655e-06,
    "stable": true
  },
  "stability": {
    "name": "\u7a33\u5b9a\u6027",
    "max": 0.9861268261914947,
    "min": 0.9849633387172686,
    "mean": 0.9854262726708408,
    "final": 0.9850721721652378,
    "std": 0.00024371502278548547,
    "stable": false
  },
  "logic": {
    "name": "\u903b\u8f91\u63a8\u7406",
    "max": 0.9811541612220174,
    "min": 0.9799402527884387,
    "mean": 0.9804241303703207,
    "final": 0.9801479910451579,
    "std": 0.0002424452881402795,
    "stable": false
  },
  "meridiya": {
    "name": "\u987b\u5f25\u63a8\u6f14",
    "max": 0.9761226968207507,
    "min": 0.9749523456870868,
    "mean": 0.975421183738147,
    "final": 0.9751518909308151,
    "std": 0.0002410971263195358,
    "stable": false
  },
  "execution": {
    "name": "\u6267\u884c\u529b",
    "max": 0.9630906437577772,
    "min": 0.9619706130078365,
    "mean": 0.9624165755454096,
    "final": 0.9621150157136067,
    "std": 0.0002380182272209771,
    "stable": false
  },
  "language": {
    "name": "\u8bed\u8a00\u7406\u89e3",
    "max": 0.9691192135417606,
    "min": 0.9679638265363358,
    "mean": 0.9684183643257512,
    "final": 0.9681706290339666,
    "std": 0.0002399034806827609,
    "stable": false
  },
  "creativity": {
    "name": "\u521b\u9020\u529b",
    "max": 0.9530846366160456,
    "min": 0.9519771739923244,
    "mean": 0.952411496991851,
    "final": 0.9521014241569993,
    "std": 0.00023573242743178243,
    "stable": false
  },
  "math": {
    "name": "\u6570\u5b66\u80fd\u529b",
    "max": 0.951084363807941,
    "min": 0.9500042986086387,
    "mean": 0.950411021403847,
    "final": 0.9500179309651858,
    "std": 0.00023516446742961178,
    "stable": false
  },
  "memory": {
    "name": "\u8bb0\u5fc6\u80fd\u529b",
    "max": 0.9460616984905781,
    "min": 0.9449751740134731,
    "mean": 0.9454085461083048,
    "final": 0.9451191469819753,
    "std": 0.00023353572678732167,
    "stable": false
  },
  "emotion": {
    "name": "\u60c5\u611f\u667a\u80fd",
    "max": 0.93305748104835,
    "min": 0.931979263906459,
    "mean": 0.9324032525216764,
    "final": 0.9321106318969055,
    "std": 0.00023079869637810716,
    "stable": false
  },
  "space": {
    "name": "\u7a7a\u95f4\u60f3\u8c61",
    "max": 0.9260426488238024,
    "min": 0.9249405587380465,
    "mean": 0.9254001300346728,
    "final": 0.9251870395804728,
    "std": 0.0002292445471151999,
    "stable": false
  }
}